query_id,query_text,total_answers,retrieved_count,missed_count,recall@50,recall@20,hit@1,hit@5,mrr,recall@20_vss_merged
2825,"What are some carbocyclic acid, aldehyde, or benzene derivative drugs that enhance the effects of Calcium carbimide and Disulfiram when administered together?",1,1,0,1.0,1.0,0.0,0.0,0.1,1.0
7140,"Which condition, characterized by episodes precipitated by non-allergic stimuli like stress or physical activity, should not be treated with medications prescribed for cytomegalovirus retinitis due to contraindications?",3,3,0,1.0,1.0,0.0,1.0,0.5,1.0
7679,Which cell parts engage in interactions with the genetic or proteomic elements affected by Rilpivirine?,4,4,0,1.0,1.0,0.0,1.0,0.2,0.5
6242,Which investigational compounds are designed to affect genes or proteins associated with UDP-N-acetylgalactosamine diphosphorylase for scientific study?,2,2,0,1.0,1.0,1.0,1.0,1.0,1.0
9238,"Which gene or protein is capable of interaction with PTGES3, shares an association with a common disease, and also plays a role in the regulation of oxygen-dependent breakdown of hypoxia-inducible factors?",1,1,0,1.0,1.0,0.0,1.0,0.5,1.0
1396,"Identify genes or proteins that are linked with RNA binding, act as regulators of ribosomal protein gene expression impacting translation, and participate in the Antigen processing pathway via Ubiquitination and Proteasome degradation.",2,2,0,1.0,1.0,0.0,1.0,0.5,1.0
2791,Can you help me find any tablets or capsules that target the FGF1 gene/protein in our drug database?,10,10,0,1.0,1.0,1.0,1.0,1.0,1.0
4453,Can you supply details on drugs that complement Darbepoetin alfa and focus on the HIF1A gene or protein?,1,0,1,0.0,0.0,0.0,0.0,0.0,0.0
1248,What is the gene or protein involved in both the Translesion Synthesis pathway via POLH interaction and the binding to single-stranded DNA as part of the Replication Protein A complex?,3,3,0,1.0,1.0,0.0,0.0,0.1428571428571428,1.0
1109,"What possible diseases could I have that are linked to lymphatic system problems, such as swollen glands, and also associated with facial or neck abnormalities, as seen in syndromes or congenital conditions?",1,0,1,0.0,0.0,0.0,0.0,0.0,0.0
9634,"Identify genes or proteins that interact with NEK10, with both sharing an association with a common disease.",1,1,0,1.0,1.0,0.0,0.0,0.1666666666666666,1.0
2472,"Could you recommend a drug effective against Candida albicans, suitable for treating candidiasis with vaginitis, that also targets the MC1R gene/protein?",1,1,0,1.0,1.0,1.0,1.0,1.0,1.0
202,"Identify genes and proteins that enable kinase and tRNA binding, and are involved in selenocysteinyl-tRNA(Sec) synthesis and biosynthesis.",1,0,1,0.0,0.0,0.0,0.0,0.0,1.0
8631,Which conditions linked to the SLC40A1 gene lead to symptoms of fatigue and weakness and are adversely affected by the administration of Scopolamine?,2,2,0,1.0,1.0,1.0,1.0,1.0,1.0
6155,"Which gene or protein, essential for regulating skeletal muscle contraction, is present in neuronal tissue but not in the decidua?",4,1,3,0.25,0.25,0.0,1.0,0.2,0.25
467,"Can you list autoimmune blistering skin diseases where the vesicles break open easily, causing painful sores?",6,6,0,1.0,1.0,1.0,1.0,1.0,1.0
6251,Which anatomical structures lack the expression of genes or proteins that are involved in the interaction with the male somatic sex determination process?,2,1,1,0.5,0.5,0.0,0.0,0.0833333333333333,0.5
9440,"Can you identify a biological pathway that is triggered by activated FGFR1 signaling, which includes the activation of phospholipase C, and has the potential for crosstalk or interaction with the genes or proteins that FGFR1 typically engages with?",1,1,0,1.0,1.0,0.0,0.0,0.1666666666666666,1.0
5873,"Identify the shared genetic targets of 2-(2,6-Dichlorophenyl)-1,3-benzoxazole-6-carboxylic acid and Fx-1006A.",1,1,0,1.0,1.0,1.0,1.0,1.0,1.0
7353,"Which antimuscarinic agents have a synergistic effect in conjunction with Buclizine for their shared therapeutic indications, akin to the pharmacological interaction observed with atropine?",1,0,1,0.0,0.0,0.0,0.0,0.0,0.0
6908,Identify conditions associated with hypopigmentation of the fundus for which there are no indicated medications.,1,0,1,0.0,0.0,0.0,0.0,0.0,0.0
6572,Which biological process shares a characteristic interaction pattern with genes or proteins similar to the regulation of recycling endosome positioning in the postsynaptic region?,4,0,4,0.0,0.0,0.0,0.0,0.0,0.25
2041,Could you provide a list of medications effective for treating both acquired polycythemia vera and myelofibrosis?,1,1,0,1.0,1.0,1.0,1.0,1.0,1.0
1075,Could you list experimental drugs targeting triosephosphate isomerase (TPI1)?,14,14,0,1.0,1.0,1.0,1.0,1.0,0.9285714285714286
10573,Which anatomical structures lack expression of genes or proteins that play a role in chemorepellent-induced interneuron migration from the subpallium to the cerebral cortex?,8,8,0,1.0,1.0,1.0,1.0,1.0,0.5
749,Which illness is associated with the SRD5A2 gene and could be treated using Megestrol acetate?,1,1,0,1.0,1.0,0.0,1.0,0.25,1.0
3738,"Which pathway works alongside PSEN1 and serves as part of the ""Signaling by NOTCH1 HD+PEST Domain Mutants in Cancer"" cascade?",1,1,0,1.0,1.0,1.0,1.0,1.0,1.0
2860,Please list genes and proteins associated with chromatin binding that also play a role in meiotic synapsis.,1,0,1,0.0,0.0,0.0,0.0,0.0,0.0
179,"What condition is associated with the TBX4 gene and presents with persistent seizures involving multiple muscle groups, primarily in the legs and torso?",1,1,0,1.0,1.0,0.0,1.0,0.5,1.0
5066,"Can you give me a rundown of conditions similar to or falling under the category of benign eye neoplasms, especially those affecting the lacrimal gland?",1,0,1,0.0,0.0,0.0,0.0,0.0,1.0
5659,What conditions are related to and might follow or fall under hemicrania continua in patients showing its symptoms?,1,1,0,1.0,1.0,1.0,1.0,1.0,1.0
2807,What drugs are presently recognized to primarily target the protein kinase M (PKM) gene in their mechanism of action?,1,1,0,1.0,1.0,0.0,1.0,0.3333333333333333,1.0
2766,What is the name of the gene or protein that both regulates MUC1 synthesis and directly interacts with the Cytosolic tRNA aminoacylation pathway?,1,1,0,1.0,1.0,0.0,0.0,0.125,1.0
11087,What are the common gene targets associated with the binding of Meclofenamic acid and Ethotoin?,1,1,0,1.0,1.0,1.0,1.0,1.0,1.0
9753,"Which illnesses linked to Complement Factor B (CFB) contraindicate the use of Ramipril and exhibit inflammatory symptoms in any organ system with an early onset before adulthood, manifesting a wide range of symptoms that are more severe and involve major organs more frequently compared to adult-onset systemic lupus erythematosus, thereby posing a greater risk of multisystem organ damage?",1,1,0,1.0,1.0,1.0,1.0,1.0,1.0
1340,"What are the genes or proteins that interact with NMD3, are expressed in adult mammalian kidneys, have a role in secretion and transport, and show high expression levels in lung tissue?",1,1,0,1.0,1.0,0.0,0.0,0.0555555555555555,0.0
957,Could you suggest any treatments compatible with Phenelzine that are effective for hemoglobinopathy and also assist in dissolving blood clots?,3,0,3,0.0,0.0,0.0,0.0,0.0,0.0
1172,Please list diseases related to polyradiculoneuropathy that affect multiple spinal nerve roots and share a similar or subordinate pathophysiological relationship.,2,2,0,1.0,1.0,1.0,1.0,1.0,1.0
967,"Could you provide me with alternative treatments that complement Methotrexate and enhance its synergy with Tetrahydrofolic acid, as well as assist in the safe clearance of Methotrexate from my system when necessary?",1,1,0,1.0,1.0,0.0,0.0,0.0526315789473684,0.0
3365,Can you list the medications suitable for benign prostatic hyperplasia and tell me if any are linked to dysphagia as a side effect?,1,1,0,1.0,1.0,1.0,1.0,1.0,1.0
631,"What condition could cause pain and visual symptoms like blurriness or floaters, and is manageable with Propranolol?",1,1,0,1.0,1.0,1.0,1.0,1.0,1.0
9382,Identify genes or proteins that interact with the interleukin-6 receptor (IL6R) and are linked to a common effect or phenotype.,1,1,0,1.0,1.0,1.0,1.0,1.0,1.0
7945,"Which condition, characterized by tiny blisters on the corneal surface that can deteriorate into branch-like ulcers, would render the conventional medications for treating mite infestations inadvisable?",1,1,0,1.0,1.0,1.0,1.0,1.0,1.0
3629,Can you give me a rundown of diseases associated with uneven facial features and typically involve an enlarged tongue?,1,0,1,0.0,0.0,0.0,0.0,0.0,0.0
8772,"What are the common gene targets for 2,6-dimethyl-4-[(E)-2-phenylethenyl]phenol and O-Trifluoromethylphenyl Anthranilic Acid?",1,1,0,1.0,1.0,1.0,1.0,1.0,1.0
2008,"What possible conditions could be indicated by a coin-shaped spot on a chest X-ray, especially considering my family history of lung issues?",1,0,1,0.0,0.0,0.0,0.0,0.0,1.0
452,"Could you identify a medication targeting the SCN4A gene/protein and supply details on its pharmacokinetics, focusing on its elimination half-life? Also, does this drug induce localized numbness from the thoracic area to the lower limbs?",1,1,0,1.0,1.0,0.0,1.0,0.25,1.0
10053,"I'm looking for angiotensin receptor blockers (ARBs) that specifically target the AT1 subtype, which also enhance the effects when used in combination with Pindolol. Could you list any ARBs that are prescribed for the same conditions as Pindolol?",9,9,0,1.0,1.0,1.0,1.0,1.0,1.0
7630,Which anatomical structures lack the expression of genes or proteins that are involved in recognizing lipoteichoic acid?,10,9,1,0.9,0.9,0.0,1.0,0.5,0.6
5903,"Which gene or protein is capable of interacting with tyrosine hydroxylase (TH), shares associated effects or phenotypes with mitogen-activated protein kinase 3 (MAPK3), and possesses the functionality to bind to, or regulate MAPK3?",1,1,0,1.0,1.0,0.0,1.0,0.3333333333333333,1.0
3007,"Can you supply a list of genes and proteins that interact with lipid-binding functions, partner with LRRK2 in protein-protein interactions, and also facilitate lipid-binding?",1,0,1,0.0,0.0,0.0,0.0,0.0,0.0
5546,Could you suggest any tablet or capsule medications that specifically target the CTRB1 gene/protein?,15,15,0,1.0,1.0,1.0,1.0,1.0,1.0
196,"Can you find genes or proteins that regulate enzymes, interact with NCK2, and modulate enzymatic activity?",1,0,1,0.0,0.0,0.0,0.0,0.0,0.0
4936,Could you provide me with the early treatment options available in the US for Chagas disease to eliminate the parasite responsible for it?,1,1,0,1.0,1.0,1.0,1.0,1.0,1.0
1541,"What signaling pathway, associated with the APAF1 protein and a part of the Cytochrome c-triggered apoptotic process, leads to the triggering of caspase-3 and -7 through the proteolytic activity of the apoptosome?",1,1,0,1.0,1.0,0.0,0.0,0.0833333333333333,1.0
4203,Could you list the diseases associated with or stemming from testicular disorders?,1,0,1,0.0,0.0,0.0,0.0,0.0,0.0
5527,Can you supply a selection of tablet or capsule medications designed to inhibit or interact with the MMP1 gene/protein?,6,6,0,1.0,1.0,1.0,1.0,1.0,1.0
2673,What is the subtype of juvenile polyposis syndrome that includes refractory anemia as a symptom?,1,1,0,1.0,1.0,0.0,1.0,0.3333333333333333,1.0
3598,Which pathway is a subordinate in the hierarchy to the Visual phototransduction pathway and functionally interacts with the HSD17B6 gene/protein?,1,1,0,1.0,1.0,1.0,1.0,1.0,1.0
6083,Which medications are designed to influence genes or proteins associated with the enzymatic activity of dITP diphosphatase?,1,1,0,1.0,1.0,0.0,0.0,0.125,1.0
2416,Which diseases are considered subtypes or are directly related to intracranial arachnoid cysts?,1,0,1,0.0,0.0,0.0,0.0,0.0,1.0
1792,"Seeking the gene that encodes for a type IV collagen subunit strengthening the extracellular matrix and shares a head-to-head configuration with a distinct type IV collagen gene, unified by a single promoter.",5,5,0,1.0,1.0,0.0,0.0,0.1666666666666666,1.0
6213,Identify genes or proteins that interact with WIPF1 and are also linked to a common disease.,1,1,0,1.0,1.0,0.0,1.0,0.5,1.0
475,"Which condition is associated with the PMP22 gene and presents with paresthesias, ataxia, and neuropathic pain after an infection?",1,1,0,1.0,1.0,0.0,1.0,0.25,1.0
9336,What are the phenotypic manifestations or effects associated with the subtype of chondroid hamartoma?,3,1,2,0.3333333333333333,0.3333333333333333,0.0,0.0,0.0769230769230769,0.3333333333333333
10017,Which cellular structures come into contact with genes or proteins that are influenced by p-Coumaric acid?,2,2,0,1.0,1.0,1.0,1.0,1.0,1.0
6164,Which cell structures interact with the genetic or protein targets of the drug Linaclotide?,3,3,0,1.0,1.0,1.0,1.0,1.0,1.0
10629,"Which cellular structures engage with genes or proteins affected by the compound 4,6-dideoxy-4-amino-alpha-D-glucose?",3,3,0,1.0,1.0,1.0,1.0,1.0,1.0
904,Could you provide information on treatments available for C. diff colitis and clarify whether any of these medications could potentially lead to facial swelling as a side effect?,1,1,0,1.0,1.0,0.0,0.0,0.0769230769230769,1.0
1342,Please find a gene or protein associated with Spinocerebellar Ataxia type 8 that also interacts within the cell nucleus.,1,1,0,1.0,1.0,1.0,1.0,1.0,1.0
2085,What is the common upstream or downstream biological pathway shared by the 'Biosynthesis of DHA-derived SPMs' and the 'Biosynthesis of maresin conjugates in tissue regeneration (MCTR)'?,1,1,0,1.0,1.0,0.0,0.0,0.125,1.0
6632,Search for illnesses that have no drugs indicated for treatment and are related to the presence of Wormian bones.,1,0,1,0.0,0.0,0.0,0.0,0.0,0.0
657,Can you give me a rundown of drugs effective against both UTIs and Mycoplasma pneumonia that have a molecular weight exactly at 558.52 Da?,1,1,0,1.0,1.0,0.0,1.0,0.5,1.0
3478,What are the diseases similar or linked to Paradas congenital myopathy that also present with progressive muscle weakness?,1,0,1,0.0,0.0,0.0,0.0,0.0,0.0
2215,"What condition associated with the GPR68 gene could cause symptoms like long-term abdominal pain, consistent nausea, vomiting, and notable weight loss, coupled with ongoing inflammation and damage to the stomach lining?",1,1,0,1.0,1.0,1.0,1.0,1.0,1.0
7684,Identify proteins or genes that interact with Glycophorin A (GYPA) and are linked to a common disease.,1,1,0,1.0,1.0,1.0,1.0,1.0,1.0
7107,Search for pathologies linked to cholecystokinin (CCK) that should not be treated with Tacrine.,1,1,0,1.0,1.0,1.0,1.0,1.0,1.0
1926,Could you provide a list of immunosuppressant drugs that may lead to rashes and abdominal swelling as side effects?,4,1,3,0.25,0.25,1.0,1.0,1.0,0.25
7879,"Could you provide a list of medications that, when combined with Astemizole, exhibit synergistic effects in treating allergic conjunctivitis, share the same indication, and are available in ophthalmic solution format for the management of allergic conjunctivitis?",7,6,1,0.8571428571428571,0.8571428571428571,1.0,1.0,1.0,0.8571428571428571
4026,What secondary disease arises due to metastasis from bladder cancer?,7,0,7,0.0,0.0,0.0,0.0,0.0,0.8571428571428571
4945,"What is the diagnosis for a urogenital condition characterized by non-syndromic urinary tract malformations, presenting as duplicated penile structures, ranging from double glans to separate shafts, and potentially bundled with other congenital issues like urethral duplication, abnormal urination patterns, hypo- or epispadias, bifid scrotum, or bladder exstrophy?",2,0,2,0.0,0.0,0.0,0.0,0.0,1.0
6115,"Is the gene responsible for encoding the ATP-binding cassette transporter protein, which facilitates drug transport and exhibits a synergistic relationship with Trapidil, a member of the ABC superfamily of transporters?",16,0,16,0.0,0.0,0.0,0.0,0.0,0.0625
3222,What are the solid-form drugs known to target the lysozyme (LYZ) gene or its protein?,13,13,0,1.0,1.0,1.0,1.0,1.0,1.0
2937,"Can you supply a list of conditions that are related to both partial monosomy of chromosome 20p and Alagille syndrome, showing how they are connected or branched from these two disorders?",1,0,1,0.0,0.0,0.0,0.0,0.0,1.0
10930,Which anatomical parts lack expression of genes or proteins implicated in the development of Ureteropelvic Junction Obstruction?,2,2,0,1.0,1.0,0.0,0.0,0.1666666666666666,1.0
8278,Which gene encodes the neuropeptide FF receptor 1 that is not expressed in the corpus callosum and parietal lobe regions of the brain?,1,1,0,1.0,1.0,1.0,1.0,1.0,1.0
8939,Which gene or protein is not expressed in both the fallopian tube and amniotic fluid?,1,1,0,1.0,1.0,0.0,0.0,0.0555555555555555,0.0
3085,"Could you recommend treatments for ocular hypertension? Additionally, I'd like to know if respiratory issues are a typical side effect of these medications. Thank you!",12,12,0,1.0,1.0,1.0,1.0,1.0,0.9166666666666666
788,Can you find genes or proteins acting as Rho guanine nucleotide exchange factors involved in the RHOA GTPase cycle and linked to amyotrophic lateral sclerosis pathogenesis? Please generate a list from the database.,2,1,1,0.5,0.5,1.0,1.0,1.0,0.5
2392,"What condition is associated with arthrogryposis multiplex congenita and typically results in persistent bending of the fingers and toes, also known as camptodactyly?",2,0,2,0.0,0.0,0.0,0.0,0.0,0.0
1634,Which drugs interact with the SLC22A5 transporter and also act upon the SLC6A8 gene/protein in their pharmacodynamics?,1,1,0,1.0,1.0,1.0,1.0,1.0,1.0
6550,"Can someone provide information on any genes or proteins that engage in interactions with partners associated with the TET family (TET1, TET2, TET3) and TDG in the context of DNA demethylation, and also play a role in the regulation of nuclear cell division?",6,0,6,0.0,0.0,0.0,0.0,0.0,0.0
10489,Search for a biological pathway associated with the activation of gene expression by RORA that also involves an interaction with a common gene or protein.,1,1,0,1.0,1.0,0.0,0.0,0.1666666666666666,1.0
4318,"Can you recommend medications effective against both amoebiasis, caused by Entamoeba histolytica, and helminthiasis?",1,1,0,1.0,1.0,0.0,1.0,0.3333333333333333,1.0
2511,"Please locate genes or proteins that are involved in functional interactions with the Class C/3 signaling pathway, exhibit GPCR activity, are expressed in both smooth muscle and taste bud cells, and belong to the bitter taste receptor family.",1,0,1,0.0,0.0,0.0,0.0,0.0,0.0
363,What disease stems from Ascaridida infection and leads to blockage or rupture in the intestines?,2,0,2,0.0,0.0,0.0,0.0,0.0,1.0
7923,Which pharmacological agent interacts with genes or proteins prevalent in gallbladder tissue to facilitate less invasive staging procedures?,1,0,1,0.0,0.0,0.0,0.0,0.0,0.0
6533,"Which medication, sharing a similar transporter protein or gene as Levocetirizine, specifically targets and inhibits the nuclear enzyme DNA topoisomerase I?",2,0,2,0.0,0.0,0.0,0.0,0.0,0.0
6336,Identify proteins or genes that interact with the SCN11A gene and are linked to a shared phenotype or biological effect.,1,1,0,1.0,1.0,0.0,0.0,0.1428571428571428,1.0
138,What is the biochemical pathway that falls under mRNA Editing and specifically modifies apolipoprotein B mRNA by converting cysteine to uridine?,1,0,1,0.0,0.0,0.0,0.0,0.0,1.0
1439,Could you assist in identifying which disease is associated with adenocarcinoma of the lung and its potential connection to hereditary cancer syndromes?,1,0,1,0.0,0.0,0.0,0.0,0.0,0.0
11151,Could you identify the medication that functions as an enzymatic agent affecting certain genes or proteins within the peripheral nervous system and metabolizes to create pain-relieving effects through the diminution of substance P neuropeptide concentrations?,1,0,1,0.0,0.0,0.0,0.0,0.0,0.0
4355,Which gene or protein facilitates the symbiotic interaction within the pathway that inserts viral DNA into the host genome and possesses the ability to bind nonspecifically to double-stranded DNA?,1,1,0,1.0,1.0,0.0,1.0,0.5,1.0
10715,Which anatomical structures lack the expression of genes or proteins involved in the negative regulation of organ development?,7,7,0,1.0,1.0,0.0,0.0,0.125,0.8571428571428571
2803,Could you recommend any medications that target the TUBB1 gene/protein and inform me about potential side effects like myelosuppression or neurotoxicity?,3,3,0,1.0,1.0,0.0,1.0,0.3333333333333333,1.0
8477,Which gene or protein is consistently non-expressed or missing in the adult mammalian renal system as well as the mammalian vulvar tissue?,1,0,1,0.0,0.0,0.0,0.0,0.0,0.0
933,What drugs are known to primarily target the DCPS gene/protein in their mechanism of action?,1,0,1,0.0,0.0,0.0,0.0,0.0,1.0
5152,What signaling pathway is connected to the 'Neuronal System' pathway and controls the stability of neurons' resting membrane potential?,1,1,0,1.0,1.0,0.0,1.0,0.3333333333333333,1.0
4996,Which condition involves a posterior polar cataract in its symptoms and is linked to the ITM2B gene?,1,1,0,1.0,1.0,0.0,1.0,0.5,1.0
9516,Which liver-expressed transporter gene or protein is involved in organic ion translocation and facilitates the movement of drugs that exhibit synergistic effects with 1-Testosterone?,14,0,14,0.0,0.0,0.0,0.0,0.0,0.2857142857142857
5631,"What genes or proteins interact with the tubulin C-terminal post-translational modification pathway, bind to tubulin, and exhibit tubulin-glutamic acid ligase activity?",12,10,2,0.8333333333333334,0.8333333333333334,1.0,1.0,1.0,0.8333333333333334
7313,"Identify genes or proteins that (1) engage in interaction with TBK1, (2) are linked to the same pathology as TBK1, and (3) are capable of interacting with protein kinase B alpha (AKT1).",1,1,0,1.0,1.0,0.0,1.0,0.5,1.0
8753,Are there any pharmacological agents that act as electron donors in metabolic processes through reversible oxidation and reduction and influence genes or proteins associated with L-aminoadipate-semialdehyde dehydrogenase enzymatic function?,1,0,1,0.0,0.0,0.0,0.0,0.0,1.0
6117,"Could you identify the common genetic targets for both N-(M-Trifluoromethylphenyl) Phenoxazine-4,6-Dicarboxylic Acid and (2S)-3-[(9H-fluoren-9-ylideneamino)oxy]-2-methylpropanoic acid?",1,1,0,1.0,1.0,1.0,1.0,1.0,1.0
5285,"Please find genes or proteins with structural molecular activity linked to the basal body-plasma membrane anchoring pathway, particularly those interacting with NPHP1, suggesting involvement in a common signaling pathway.",1,1,0,1.0,1.0,1.0,1.0,1.0,1.0
1722,What could be a related disease if someone has oromandibular-limb hypogenesis syndrome and a fibrous band linking their tongue to the palate or gingival ridge?,1,0,1,0.0,0.0,0.0,0.0,0.0,1.0
9257,What are the common genetic targets of Meclofenamic acid and Escherichia coli-derived Asparaginase?,1,1,0,1.0,1.0,1.0,1.0,1.0,1.0
5881,"What are the common genetic targets associated with the action of both 2',4'-Dichloro-4-hydroxy-1,1'-biphenyl-3-carboxylic acid and Liotrix?",1,1,0,1.0,1.0,1.0,1.0,1.0,1.0
5236,Could you supply a list of gene or protein regulators involved in ATPase activity that are also associated with the development of autism?,1,0,1,0.0,0.0,0.0,0.0,0.0,0.0
6960,Which gene or protein is not expressed in either the salivary glands or the renal nephron's tubular structures?,1,0,1,0.0,0.0,0.0,0.0,0.0,0.0
5574,Which strobilurin fungicides target both CYC1 and UQCRB genes/proteins?,1,1,0,1.0,1.0,1.0,1.0,1.0,1.0
139,"Can you list the diseases associated with the PDE8B gene, specifically those that fall under primary pigmented nodular adrenocortical disease with a known PDE11A gene mutation etiology?",1,1,0,1.0,1.0,1.0,1.0,1.0,1.0
1893,Which diseases are related to or fall under oophoritis and also manifest with tuberculous inflammation of the ovaries?,1,1,0,1.0,1.0,1.0,1.0,1.0,1.0
10411,Which genes or proteins are expressed in the pericardium but not in the deltoid muscle?,1,1,0,1.0,1.0,0.0,0.0,0.1111111111111111,1.0
1595,Could you provide a list of medications that are compatible with Ormeloxifene for treating a respiratory infection?,1,0,1,0.0,0.0,0.0,0.0,0.0,0.0
5602,Can you find any medications that target the ODC1 gene/protein and are toxic diamines resulting from the breakdown of ornithine and arginine?,1,1,0,1.0,1.0,1.0,1.0,1.0,1.0
4948,Could you suggest medications that are compatible with Pegamotecan and Pegaptanib to enhance their efficacy and also help increase my neutrophil levels?,3,3,0,1.0,1.0,1.0,1.0,1.0,1.0
501,"Please compile a list of genes and proteins involved in the Generic Transcription Pathway by interaction, which are also linked to salivary gland cancer.",1,0,1,0.0,0.0,0.0,0.0,0.0,0.0
8548,"I'm searching for a biological pathway that plays a role in events associated with Cyclin E during the G1/S transition phase, which also interacts with the same genes or proteins that Cyclin E:Cdk2 complexes do. Additionally, this pathway should involve the phosphorylation of proteins crucial to the G1/S transition, a process mediated by the action of Cyclin E:Cdk2 complexes. Can you identify this pathway for me?",2,2,0,1.0,1.0,1.0,1.0,1.0,1.0
6522,"Identify genes or proteins that both engage in interactions with CCM2 and are implicated in the same pathological conditions, while also being part of a protein complex with other cerebral cavernous malformation (CCM) gene family constituents.",2,2,0,1.0,1.0,1.0,1.0,1.0,1.0
181,"What are the effective inhibitors of the membrane-bound metalloendopeptidase, or enkephalinase, that interact with the MME gene/protein?",4,4,0,1.0,1.0,1.0,1.0,1.0,1.0
4045,"Please find diseases linked to the DCLRE1C gene, characterized by severe, recurrent infections, diarrhea, failure to thrive, and heightened sensitivity to ionizing radiation.",1,0,1,0.0,0.0,0.0,0.0,0.0,1.0
2625,Which disease falls under malignant histiocytosis and is linked to the SLC29A3 gene/protein?,1,1,0,1.0,1.0,1.0,1.0,1.0,1.0
4710,"What is the diagnosis for a condition involving chronic neuroinflammation, specifically a form of encephalitis with ongoing inflammation in the brain?",4,4,0,1.0,1.0,0.0,0.0,0.1428571428571428,0.5
1471,What is the name of the condition associated with cervical cancer that involves cysts with both columnar and squamous cells in the cervix?,1,0,1,0.0,0.0,0.0,0.0,0.0,0.0
5323,"What possible conditions could I have that involve persistent fatigue and weakness, considering my family history of thrombocytopenia with congenital dyserythropoietic anemia? Are there hereditary diseases related to these symptoms?",2,1,1,0.5,0.5,0.0,1.0,0.5,0.5
228,Could you identify genes or proteins that interact with RTL10 and are also associated with chromatin organization?,1,1,0,1.0,1.0,0.0,0.0,0.125,1.0
10512,Identify pathways associated with the autointegration process resulting in circular viral DNA and its interaction with common genes/proteins.,1,0,1,0.0,0.0,0.0,0.0,0.0,1.0
634,Which drugs interact with the SERPINA1 gene/protein as carriers?,1,1,0,1.0,1.0,1.0,1.0,1.0,1.0
8681,"Which pharmaceutical agents not only exhibit a synergistic effect when combined with Incadronic acid but are also approved for treating the same condition, and possess an extended half-life ensuring prolonged therapeutic impact within the body?",5,3,2,0.6,0.6,0.0,1.0,0.5,0.6
6457,"Could you provide a list of disorders characterized by both an absence of approved medications and a connection to atypical cardiac structures, which also result in skin that is prone to blistering and tearing with minimal trauma?",1,1,0,1.0,1.0,0.0,1.0,0.3333333333333333,1.0
2354,"What related conditions or potential diseases might be associated with ""benign neoplasm of hard palate"" and ""oral cavity neoplasm""? Can you provide a hierarchy or connections of these illnesses?",1,1,0,1.0,1.0,0.0,1.0,0.5,1.0
10857,Which genes or proteins are found to be expressed in cartilage but not detected in the parietal lobe of the brain?,1,1,0,1.0,1.0,1.0,1.0,1.0,1.0
6655,Which anatomical structures lack the genetic or proteomic expression linked to infertility?,5,0,5,0.0,0.0,0.0,0.0,0.0,0.2
6280,Which pharmaceutical compounds are designed to modulate gene or protein activities associated with SUMO-conjugation system interactions?,1,0,1,0.0,0.0,0.0,0.0,0.0,0.0
7718,Which anatomical structures lack the expression of genes or proteins involved in the interaction with the formation of the endoplasmic reticulum's tubular network?,2,2,0,1.0,1.0,0.0,1.0,0.5,1.0
1152,"Please find the gene associated with multiple sclerosis pathogenesis that codes for a receptor on antigen-presenting cells, essential for various immune and inflammatory responses.",5,2,3,0.4,0.4,1.0,1.0,1.0,0.2
7918,Find health conditions linked to Fatty Acid Binding Protein 2 (FABP2) that should not be managed with the use of Oxymorphone.,1,1,0,1.0,1.0,1.0,1.0,1.0,1.0
233,"What is the name of the gene or protein that binds with molecules involved in protein binding, attaches to protein C-termini, contributes to pore complex assembly, and modulates ion transport across membranes in host-pathogen interactions?",1,1,0,1.0,1.0,1.0,1.0,1.0,1.0
5649,"Is my joint pain, stiffness, and swelling indicative of a hereditary vascular condition?",1,0,1,0.0,0.0,0.0,0.0,0.0,0.0
2152,"Could you provide information on hereditary diseases associated with bladder stone formation? My mother previously experienced bladder issues, and I'm concerned about the familial risk.",1,0,1,0.0,0.0,0.0,0.0,0.0,0.0
7287,Which cellular structures or organelles are associated with the interaction of genes or proteins affected by Thonzonium Bromide?,8,8,0,1.0,1.0,1.0,1.0,1.0,1.0
10604,Which cellular structures engage with the genetic elements or proteins affected by the actions of D-Eritadenine?,5,5,0,1.0,1.0,1.0,1.0,1.0,1.0
2045,"Please find a pathway that falls under the Defensins hierarchy, involves antimicrobial protein functions, and is externally peer-reviewed.",3,3,0,1.0,1.0,0.0,1.0,0.5,1.0
5992,Is there evidence to suggest that the gene or protein responsible for organic cation transport also facilitates the translocation of pharmaceuticals that exhibit synergistic effects when combined with Sulfathiazole?,3,0,3,0.0,0.0,0.0,0.0,0.0,0.0
7490,Which neonatal gastrointestinal illness resulting in severe intestinal harm and necrosis should not be treated with medication typically prescribed for Pasteurella multocida due to contraindications?,1,1,0,1.0,1.0,1.0,1.0,1.0,1.0
7168,Which illness leading to cerebral infarction would render medications for prolactin-secreting pituitary tumors inadvisable?,4,0,4,0.0,0.0,0.0,0.0,0.0,0.5
9133,Identify a gene or protein with the capability to interact with FOXC1 and shares an association with a similar effect or phenotype.,1,1,0,1.0,1.0,0.0,1.0,0.3333333333333333,1.0
2635,"Could you recommend a medication designed for Laron syndrome, specifically a synthetic version of the human insulin-like growth factor 1?",2,2,0,1.0,1.0,1.0,1.0,1.0,1.0
5820,"Identify the common genetic targets that interact with both 3',5'-Dinitro-N-Acetyl-L-Thyronine and 3-({[(1Z)-(2-methoxyphenyl)methylidene]amino}oxy)propanoic acid.",1,1,0,1.0,1.0,1.0,1.0,1.0,1.0
5376,Can you find a pathway influencing organelle acid-base balance that operates before or after the 'Transport of inorganic cations/anions and amino acids/oligopeptides' pathway?,1,0,1,0.0,0.0,0.0,0.0,0.0,0.0
8511,Could you identify any stable compounds listed in DrugBank with experimental evidence that act upon genes or proteins associated with peptidyl-asparagine 3-dioxygenase enzymatic function?,2,0,2,0.0,0.0,0.0,0.0,0.0,0.0
4176,What condition could link cicatricial and paralytic lagophthalmos? I'm experiencing symptoms that seem connected.,1,0,1,0.0,0.0,0.0,0.0,0.0,1.0
1610,"Please list diseases linked to the DYNC2LI1 gene with symptoms including metaphyseal anomalies and a rigid, narrow thoracic cage causing breathing difficulties.",1,1,0,1.0,1.0,1.0,1.0,1.0,1.0
3602,What is the parent disease of breast secretory carcinoma associated with abdominal pain and diarrhea?,1,1,0,1.0,1.0,1.0,1.0,1.0,1.0
1125,What is the downstream cellular pathway associated with megakaryocyte development and platelet production that interacts with KIF27 protein?,1,1,0,1.0,1.0,1.0,1.0,1.0,1.0
4452,What inherited disease is classified under autosomal dominant cerebellar ataxia and also serves as an umbrella condition for related neurodegenerative disorders?,1,1,0,1.0,1.0,0.0,0.0,0.0666666666666666,1.0
6801,Which medications act upon genes or proteins associated with the binding of receptors for pituitary adenylate cyclase-activating polypeptide?,1,1,0,1.0,1.0,1.0,1.0,1.0,1.0
6215,Identify pathways associated with NODAL signaling where there is a common gene or protein interaction.,1,1,0,1.0,1.0,0.0,1.0,0.5,1.0
5271,Which genes or proteins are involved in the RHOBTB1 GTPase cycle and also serve as transcription corepressors?,1,0,1,0.0,0.0,0.0,0.0,0.0,0.0
952,"What potential medical condition could share a connection with both dystransthyretinemic hyperthyroxinemia and familial dysalbuminemic hyperthyroxinemia, considering their similarities?",1,0,1,0.0,0.0,0.0,0.0,0.0,1.0
5380,"What is the autoimmune disease characterized by necrotizing vasculitis affecting small and medium-sized vessels, notable for minimal or no immune complex deposits in the vessels?",1,0,1,0.0,0.0,0.0,0.0,0.0,1.0
1701,What is the name of the small intestine disease characterized by poor nutrient absorption in the intestine?,2,0,2,0.0,0.0,0.0,0.0,0.0,0.0
10665,"Identify proteins or genes capable of interacting with EIF4ENIF1, with both sharing an association with a common disease.",1,1,0,1.0,1.0,0.0,0.0,0.1111111111111111,1.0
9725,"Could you provide information on any genes or proteins that participate in the DNA repair process and exhibit interactions with elements linked to hereditary megaloblastic anemia type 1, particularly those related to abnormalities in the AMN gene/protein? Additionally, is there any evidence to suggest that BRCA1 contributes to this process via its established role in DNA repair?",1,0,1,0.0,0.0,0.0,0.0,0.0,1.0
583,"Could you find a gene or protein that interacts with the ATR activation pathway during replication stress, has significant homology with fission yeast's Rad9, and possesses 3' to 5' exonuclease activity linked to DNA damage detection and repair?",1,1,0,1.0,1.0,1.0,1.0,1.0,1.0
733,Please find genes or proteins that interact with TNF receptor superfamily members associated with the non-canonical NF-kB pathway and also connect with CISD2 through protein-protein interactions.,1,0,1,0.0,0.0,0.0,0.0,0.0,0.0
2069,Could you help me identify the condition associated with cerebellar hemisphere malformation that is hereditary and might explain developmental issues in the posterior brain region?,1,0,1,0.0,0.0,0.0,0.0,0.0,1.0
1408,"I need to find a gene or protein that interacts with USH1C through PPI, is expressed in leg muscles, helps anchor protocadherins to actin, and is involved in gathering intermicrovillar adhesion complex components.",1,1,0,1.0,1.0,0.0,0.0,0.1428571428571428,1.0
8335,Which keratolytic medication utilizes the same gene or protein for transport as Polythiazide?,3,0,3,0.0,0.0,0.0,0.0,0.0,0.0
10947,Which cellular structures are engaged in interactions with genes or proteins that Aeruginosin 98-B affects?,4,4,0,1.0,1.0,1.0,1.0,1.0,1.0
3891,Can you identify a gene or protein involved in atrial fibrillation that also has a role in ubiquitin ligase binding and is active in the rapid repolarization phase of cardiac activity?,1,0,1,0.0,0.0,0.0,0.0,0.0,0.0
5086,"What possible medical conditions could be linked to femoral vein thrombophlebitis and phlebitis, considering they are hereditary in my family?",1,0,1,0.0,0.0,0.0,0.0,0.0,1.0
2827,"Could you provide information on hereditary diseases linked to 'acheiria, unilateral'? I'm wondering if it could explain the symptoms I'm having.",1,0,1,0.0,0.0,0.0,0.0,0.0,1.0
9578,"Are there any pharmaceutical agents designed to regulate pH balance that also interact with, or have an effect on, the genes or proteins associated with 6,7-dihydropteridine reductase activity?",1,1,0,1.0,1.0,0.0,0.0,0.1111111111111111,1.0
5727,Identify proteins or genes that interact with NEK11 and share an association with a mutual disease.,1,1,0,1.0,1.0,0.0,1.0,0.2,1.0
2884,Which disease falls under normal pressure hydrocephalus and is linked to the THAS gene or its protein product?,1,1,0,1.0,1.0,1.0,1.0,1.0,1.0
6231,"Identify pathways associated with the ""Release of Hedgehog protein without cholesterol"" (Hh-Np) from secreting cells that also interact with a common gene or protein.",1,1,0,1.0,1.0,0.0,1.0,0.5,1.0
7256,"Is there a shared genetic or protein transporter mechanism between Fluorometholone and Dexamethasone, both being potent corticosteroid medications frequently prescribed in eye care practices?",12,0,12,0.0,0.0,0.0,0.0,0.0,0.0
6603,Identify a biological pathway associated with the Formation of the Cornified Envelope that also demonstrates interaction with a mutual gene or protein.,1,1,0,1.0,1.0,0.0,1.0,0.3333333333333333,1.0
8625,Which medication shares a gene or protein transporter with Efavirenz and additionally serves as a reverse transcriptase inhibitor?,11,0,11,0.0,0.0,0.0,0.0,0.0,0.5454545454545454
1208,Which disease associated with neoplastic syndrome aggressively invades the chest skeleton early on?,1,0,1,0.0,0.0,0.0,0.0,0.0,0.0
7047,"Is there an interaction between the gene/protein responsible for actin binding and disassembly, mediated by actin depolymerization factor 2, and the gene/protein implicated in the synthesis of 5-Phosphoribose 1-diphosphate?",2,0,2,0.0,0.0,0.0,0.0,0.0,0.0
6434,"Could you identify a medication facilitated by genetic or proteomic agents that engage with the endoplasmic reticulum and exhibits a half-life ranging from 12 to 17 hours, which plays a role in controlling the intracellular protein processing and trafficking?",14,0,14,0.0,0.0,0.0,0.0,0.0,0.0
3501,"Which gene on chromosome 4, known to interact with PALS2 protein and expressed in multicellular organisms, encodes a protein located between 69,969 and 70,151 base pairs?",2,1,1,0.5,0.5,1.0,1.0,1.0,0.5
10076,Which medications are associated with genes or proteins that engage with the Golgi apparatus interior?,1,1,0,1.0,1.0,0.0,1.0,0.3333333333333333,1.0
7527,Which multi-organ systemic diseases are linked to the PXK gene and have contraindications with the use of Pyridoxine?,2,2,0,1.0,1.0,1.0,1.0,1.0,0.5
9158,Which gene or protein is simultaneously not expressed in the placenta and the superior frontal gyrus?,1,1,0,1.0,1.0,1.0,1.0,1.0,1.0
1558,What conditions similar to malignant mesothelioma could affect the heart's outer lining and cause abnormal symptoms?,1,0,1,0.0,0.0,0.0,0.0,0.0,1.0
6250,Which gene or protein is not expressed in the fallopian tube and is also non-existent in the metanephric glomerular tissue?,1,1,0,1.0,1.0,0.0,1.0,0.3333333333333333,1.0
6159,Which gene/protein is not expressed in both the renal tissues and the medial segment of the globus pallidus?,1,0,1,0.0,0.0,0.0,0.0,0.0,0.0
10698,Identify pathways associated with the metabolism of polyamines which also exhibit interaction with identical genes or proteins.,1,1,0,1.0,1.0,0.0,1.0,0.25,1.0
4344,"Can you find a gene or protein that interacts with the sphingolipid biosynthesis pathway, is involved in dihydrosphingosine-1-phosphate phosphatase activity, and contributes to the chemotactic response to EGF?",1,1,0,1.0,1.0,1.0,1.0,1.0,1.0
5449,"I'm looking for a gene or protein that modulates the Glutathione synthesis and recycling pathway, catalyzes the transformation of amino acids into different metabolites, and inhibits the growth of cancer cells, particularly with tumor-suppressing effects in gastric cancer.",3,3,0,1.0,1.0,0.0,0.0,0.0769230769230769,0.6666666666666666
1828,Which autosomal recessive disease is associated with the AEBP1 gene?,1,0,1,0.0,0.0,0.0,0.0,0.0,0.0
8161,Which genes or proteins are found to be expressed in the nasopharyngeal tissue but not in the parietal lobe of the brain?,1,1,0,1.0,1.0,0.0,0.0,0.1111111111111111,1.0
9020,Which disorders linked to Ketosis may lead to cardiomyopathy and hypoketotic hypoglycemia and currently lack any drugs officially sanctioned for treatment?,1,0,1,0.0,0.0,0.0,0.0,0.0,0.0
143,"What disease functions as a parent and child condition in the hierarchy of autoinflammatory disorders, linking both pyogenic bacterial infections with amylopectinosis and PLCG2-associated antibody deficiency and immune dysregulation?",1,1,0,1.0,1.0,1.0,1.0,1.0,1.0
4434,Could you recommend a medication for hemorrhoids treatment with a molecular weight near 340 units?,1,1,0,1.0,1.0,1.0,1.0,1.0,1.0
7043,Search for genes or proteins that interact with ATG2B and share an association with a common disease.,1,1,0,1.0,1.0,0.0,0.0,0.0769230769230769,1.0
6517,Which cell structures are involved in interaction with genes or proteins that are influenced by the medication Travoprost?,4,4,0,1.0,1.0,1.0,1.0,1.0,1.0
9996,Which genes or proteins are expressed exclusively in the pericardium and not in either the dorsal or ventral regions of the thalamus?,1,1,0,1.0,1.0,0.0,0.0,0.125,1.0
3630,Could you suggest any medications effective for treating beriberi that are safe to use with Zopiclone?,1,1,0,1.0,1.0,0.0,0.0,0.0625,0.0
10252,Which gene or protein responsible for coding the regulatory component of PI3K is known to engage with elements of the pathways for FGFR1c and Klotho complex signal transduction?,2,1,1,0.5,0.5,0.0,1.0,0.5,1.0
5142,Which autosomal dominant diseases are linked to the development of supernumerary breast tissue?,1,0,1,0.0,0.0,0.0,0.0,0.0,1.0
1755,"Please find a metabolic process that either precedes or follows hyaluronan absorption and breakdown, and is involved in its metabolism or signaling cascades.",1,0,1,0.0,0.0,0.0,0.0,0.0,0.0
5686,Please find genes or proteins that bind to clathrin and also interact with the FAT3 protein.,1,1,0,1.0,1.0,1.0,1.0,1.0,1.0
7969,Which biological process shares a similar interaction pattern with genes or proteins to that of 7-methylguanosine cap hypermethylation?,5,0,5,0.0,0.0,0.0,0.0,0.0,0.4
6641,"Would you be able to provide information on whether the specified medication acts on genes or proteins that play a role in the signaling pathways of blood clotting receptors, particularly those associated with protein tyrosine kinase activator activity, given the importance of anticoagulation for specific medical conditions?",1,0,1,0.0,0.0,0.0,0.0,0.0,0.0
10271,Identify a medication that shares a similar gene or protein carrier with Pegaspargase and is indicated for the treatment of neurological conditions.,6,0,6,0.0,0.0,0.0,0.0,0.0,0.0
10069,"Identify the common genetic targets that interact with both N-[(2',4'-Difluoro-4-hydroxy-5-iodobiphenyl-3-yl)carbonyl]-beta-alanine and 2-(2,6-Dichlorophenyl)-1,3-benzoxazole-6-carboxylic acid.",1,1,0,1.0,1.0,1.0,1.0,1.0,1.0
768,What diseases associated with chromosomal abnormalities can lead to stunted physical growth and cognitive impairments?,10,0,10,0.0,0.0,0.0,0.0,0.0,0.0
3093,What condition could be linked to FAM111A gene or protein modifications in individuals with bone sclerosis and denser long bones?,3,3,0,1.0,1.0,1.0,1.0,1.0,1.0
9732,Which biological processes share a similar interaction pattern with genes or proteins as the positive regulation of exoribonuclease activity is observed in?,5,1,4,0.2,0.2,0.0,1.0,0.25,0.2
6708,Which phenotypic manifestations or effects are associated with the subtype of acute biphenotypic leukemia?,3,3,0,1.0,1.0,1.0,1.0,1.0,1.0
5950,Identify conditions unresponsive to medication that correlate with increased liver iron levels.,1,1,0,1.0,1.0,0.0,1.0,0.5,1.0
11077,Find medical conditions linked to the gene SLC29A3 that should not be treated with the drug Goserelin.,1,1,0,1.0,1.0,1.0,1.0,1.0,1.0
4438,"I need to find a gene or protein that interacts with the cis-Golgi network and contributes to the organization of the Golgi apparatus. It should be involved in regulating Golgi structure and function specifically within the Golgi cis cisterna, the Golgi cisterna membrane, and the cis-Golgi network. Can you supply information on any genes or proteins that fit this description?",18,13,5,0.7222222222222222,0.7222222222222222,0.0,1.0,0.3333333333333333,0.6111111111111112
5928,What are the observed effects or phenotypes associated with the subtype of hereditary papillary renal cell carcinoma?,4,0,4,0.0,0.0,0.0,0.0,0.0,0.25
8037,Which anatomical structures lack the expression of genes or proteins involved in the interaction with the organization of actin cytoskeleton in postsynaptic terminals?,4,2,2,0.5,0.5,0.0,1.0,0.25,0.5
4259,"Could you identify enzymes that bind metal ions, are active in protein polyubiquitination, and play a role in both Antigen processing through Ubiquitination and Proteasome degradation?",9,1,8,0.1111111111111111,0.1111111111111111,0.0,0.0,0.0909090909090909,0.1111111111111111
3815,What conditions should be included in the differential diagnosis for a patient presenting with a breast carcinoma subtype linked to both invasive ductal carcinoma and cystic hypersecretory carcinoma?,1,0,1,0.0,0.0,0.0,0.0,0.0,1.0
5496,What are the diseases derived from cervical benign epithelial neoplasms?,2,2,0,1.0,1.0,1.0,1.0,1.0,1.0
5772,What are the observed effects or phenotypes associated with constrictive pericarditis subtypes?,2,0,2,0.0,0.0,0.0,0.0,0.0,0.5
10117,Could you identify the biological processes that are involved with or influenced by the gene or protein linked to Distal Sensory Impairment?,9,0,9,0.0,0.0,0.0,0.0,0.0,0.0
5699,"Can you give me a list of drugs that target the FLT4 gene/protein and also suppress inflammation, edema, and angiogenesis?",1,1,0,1.0,1.0,0.0,1.0,0.5,1.0
7152,What are the observed effects or phenotypes associated specifically with the subtype of suppurative uveitis?,3,3,0,1.0,1.0,1.0,1.0,1.0,1.0
10551,"Which genes encode proteins that interact with both O-Trifluoromethylphenyl Anthranilic Acid and N-(3,5-dibromo-4-hydroxyphenyl)benzamide as ligands?",1,1,0,1.0,1.0,1.0,1.0,1.0,1.0
7224,"Which medication, facilitated by gene or protein interactions with the sarcolemma, exhibits minimal impact on blood gases, respiratory function, and the cardiovascular system?",1,0,1,0.0,0.0,0.0,0.0,0.0,0.0
2287,What diseases are subclassified under secondary malignant neoplasms and have metastatic potential?,1,1,0,1.0,1.0,1.0,1.0,1.0,1.0
1804,"Please find me genes or proteins linked to pediatric liver cancer, interacting with PAXIP1, highly expressed in lung adenocarcinoma, with a nuclear signal and similarity to GAGE/PAGE proteins.",1,1,0,1.0,1.0,1.0,1.0,1.0,1.0
1989,"What possible conditions could I have that are linked to or similar to uniparental disomy of chromosome X, particularly if this led to me inheriting two copies of a recessive gene from my mother?",1,0,1,0.0,0.0,0.0,0.0,0.0,1.0
4242,Can you recommend medications that treat both eosinophilic pneumonia and a parasitic worm infection?,1,1,0,1.0,1.0,0.0,0.0,0.0833333333333333,1.0
2080,What are the recommended medications for managing BCR-ABL1 positive blast phase CML?,1,1,0,1.0,1.0,0.0,0.0,0.1666666666666666,1.0
3755,What hereditary diseases are associated with the HLA-C gene?,1,0,1,0.0,0.0,0.0,0.0,0.0,0.0
11152,"Identify common genetic targets of both 3-({[(1Z)-(2-methoxyphenyl)methylidene]amino}oxy)propanoic acid and 2,6-dimethyl-4-[(E)-2-phenylethenyl]phenol.",1,1,0,1.0,1.0,1.0,1.0,1.0,1.0
8732,Please identify the common gene targets that both Hydrocortisone phosphate and Testosterone propionate interact with.,1,1,0,1.0,1.0,1.0,1.0,1.0,1.0
2855,What genetic disorder associated with the PMP22 gene manifests symptoms similar to acute sensory ataxic neuropathy?,1,1,0,1.0,1.0,0.0,0.0,0.1,1.0
8602,Identify common genetic targets modulated by both 2-Methoxyestradiol and Hydrocortisone probutate.,1,1,0,1.0,1.0,0.0,1.0,0.25,1.0
10675,What are the observed effects or phenotypes associated with the subtype of gastritis induced by alcohol consumption?,4,4,0,1.0,1.0,1.0,1.0,1.0,1.0
3426,"Could you find genes or proteins that bind to integrins, are involved in Syndecan signaling, and play a role in pyloric atresia onset or progression?",1,0,1,0.0,0.0,0.0,0.0,0.0,0.0
7867,Which anatomical structures lack the expression of genes or proteins that play a role in the interaction with the development of the metanephric nephron?,2,1,1,0.5,0.5,0.0,0.0,0.05,0.0
9579,What are the common gene targets associated with both Chromium and Chromous sulfate exposure or interactions?,1,0,1,0.0,0.0,0.0,0.0,0.0,0.0
4507,Can you assist in identifying a drug used to treat acute myeloid leukemia in adults that may also have Non-Hodgkin lymphoma as a possible side effect?,1,1,0,1.0,1.0,0.0,1.0,0.25,1.0
9714,"What condition, characterized by an abrupt neurological deficit stemming from a cerebrovascular disturbance, also serves as a reason to avoid medications prescribed for the treatment of secondary hypopituitarism?",5,4,1,0.8,0.8,1.0,1.0,1.0,0.8
5318,Can you give me a list of drugs used for respiratory infections that are also researched in treating both kinds of Tuberculosis and Community Acquired Pneumonia in clinical trials?,1,0,1,0.0,0.0,0.0,0.0,0.0,0.0
5883,Identify diseases that lack associated therapeutic drugs and are correlated with elevated levels of circulating surfactant proteins.,1,0,1,0.0,0.0,0.0,0.0,0.0,0.0
8814,What are the characteristic symptoms or manifestations observed in patients with the epidemic subtype of keratoconjunctivitis?,9,9,0,1.0,1.0,1.0,1.0,1.0,1.0
3632,Please find genes and proteins involved in Glucocorticoid biosynthesis that also functionally interact with steroid binding.,1,1,0,1.0,1.0,1.0,1.0,1.0,1.0
7523,"Could you provide a list of medications that not only interact synergistically with Cefalotin but are also prescribed for treating the same conditions, and possess a prolonged half-life, approximately 20 hours, for extended efficacy in conjunction with Cefalotin?",3,1,2,0.3333333333333333,0.3333333333333333,0.0,1.0,0.25,0.3333333333333333
1118,Could you share a list of neurodegenerative conditions related to cerebral folate transport issues or diseases tied to isolated familial vitamin E deficiencies?,1,0,1,0.0,0.0,0.0,0.0,0.0,0.0
2236,Could you find any drugs that target the CHRNA3 receptor and have a half-life ranging from 1 to 16 days?,2,2,0,1.0,1.0,0.0,1.0,0.3333333333333333,1.0
8757,"Which gene or protein, believed to play a role in inhibiting the canonical Wnt signaling pathway, is undetectable in both the small intestine and tonsil tissues?",1,1,0,1.0,1.0,1.0,1.0,1.0,1.0
10518,Which genes or proteins are present in the gallbladder but not expressed in the metanephric glomerulus?,1,1,0,1.0,1.0,1.0,1.0,1.0,1.0
10726,"Which gene or protein, characterized by the presence of seven immunoglobulin domains and playing a role in cell adhesion, also engages in interaction with the gene or protein responsible for the Recycling of eIF2:GDP?",3,0,3,0.0,0.0,0.0,0.0,0.0,0.0
4052,Can you identify any drugs in our database that target the JAK1 gene with a selectivity that is at least tenfold more potent against JAK1 compared to JAK2?,1,1,0,1.0,1.0,0.0,0.0,0.1666666666666666,1.0
7320,"Can you provide a list of long-acting beta-2 agonists that, when combined with Oxitropium, demonstrate a synergistic effect in the treatment of bronchospasm for a condition both medications are prescribed for?",3,3,0,1.0,1.0,1.0,1.0,1.0,1.0
10929,Find health conditions linked to the HSP90AA1 protein that should not be treated with Dihydrocodeine.,1,1,0,1.0,1.0,1.0,1.0,1.0,1.0
2748,"What diseases are associated with NUDT15 gene mutations, and how do these links affect disease presentation and treatment efficacy?",1,0,1,0.0,0.0,0.0,0.0,0.0,1.0
5215,"What disease is a subtype of glycogen storage disease caused by branching enzyme deficiency, characterized by abnormal glycogen buildup, affecting enzymes involved in glycogen metabolism?",9,1,8,0.1111111111111111,0.1111111111111111,0.0,1.0,0.3333333333333333,0.6666666666666666
2998,Could you recommend any appetite suppressants that are effective for weight control?,14,0,14,0.0,0.0,0.0,0.0,0.0,0.7142857142857143
9696,Which anatomical structures lack the expression of genes or proteins that engage in interaction with peptidyl-lysine acetylation processes?,1,0,1,0.0,0.0,0.0,0.0,0.0,0.0
10383,Which gene or protein is lacking in the tissues of both the lymph node and the heart muscle?,1,1,0,1.0,1.0,0.0,1.0,0.25,1.0
1618,"Please provide a list of genes associated with coding proteins linked to short rib-polydactyly syndrome, covering both the general condition and Majewski type specifically.",14,14,0,1.0,1.0,1.0,1.0,1.0,1.0
9487,"Which cell structures engage with the genetic or proteomic entities affected by the compound N-{2,4-difluoro-3-[(5-pyridin-3-yl-1H-pyrrolo[2,3-b]pyridin-3-yl)carbonyl]phenyl}ethanesulfonamide?",4,4,0,1.0,1.0,1.0,1.0,1.0,1.0
8816,"Which protein, involved in modulating cell signaling networks through the removal of phosphate groups from tyrosine residues of its substrates, also engages with the entity responsible for catalyzing the process of Asparagine N-linked glycosylation?",2,0,2,0.0,0.0,0.0,0.0,0.0,0.0
1844,What diseases could be associated with the MARS1 gene in patients exhibiting symptoms of respiratory insufficiency and liver impairment?,1,1,0,1.0,1.0,1.0,1.0,1.0,1.0
10405,Search for diseases not treated by any known drugs that are also linked to the symptom of having a flat face.,1,0,1,0.0,0.0,0.0,0.0,0.0,0.0
7016,Identify common gene targets associated with both Hydrocortisone cypionate and Ciclesonide.,1,1,0,1.0,1.0,0.0,1.0,0.5,1.0
1221,What is the subtype of pediatric liver sarcoma most commonly found in adolescents?,1,1,0,1.0,1.0,1.0,1.0,1.0,1.0
